Month,Price,Change
06/01/2006,2.09,-
07/01/2006,2.22,6.03%
08/01/2006,2.25,1.35%
09/01/2006,1.81,-19.45%
10/01/2006,1.79,-0.88%
11/01/2006,1.81,0.95%
12/01/2006,1.83,1.21%
01/01/2007,1.63,-11.07%
02/01/2007,1.76,7.91%
03/01/2007,1.89,7.50%
04/01/2007,2.05,8.57%
05/01/2007,2.04,-0.44%
06/01/2007,2.12,3.72%
07/01/2007,2.15,1.23%
08/01/2007,2.11,-1.86%
09/01/2007,2.32,10.16%
10/01/2007,2.42,4.18%
11/01/2007,2.70,11.71%
12/01/2007,2.63,-2.56%
01/01/2008,2.59,-1.56%
02/01/2008,2.77,7.10%
03/01/2008,3.25,17.27%
04/01/2008,3.44,5.84%
05/01/2008,3.82,10.98%
06/01/2008,3.89,1.73%
07/01/2008,3.85,-1.08%
08/01/2008,3.27,-14.88%
09/01/2008,3.04,-7.09%
10/01/2008,2.40,-21.18%
11/01/2008,1.92,-19.77%
12/01/2008,1.44,-25.33%
01/01/2009,1.50,4.18%
02/01/2009,1.31,-12.70%
03/01/2009,1.34,2.45%
04/01/2009,1.45,8.30%
05/01/2009,1.52,4.90%
06/01/2009,1.82,19.74%
07/01/2009,1.72,-5.38%
08/01/2009,1.93,11.90%
09/01/2009,1.80,-6.85%
10/01/2009,1.98,10.42%
11/01/2009,2.00,0.81%
12/01/2009,1.98,-0.90%
01/01/2010,2.07,4.34%
02/01/2010,2.04,-1.50%
03/01/2010,2.16,6.09%
04/01/2010,2.28,5.79%
05/01/2010,2.14,-6.48%
06/01/2010,2.11,-1.31%
07/01/2010,2.07,-1.99%
08/01/2010,2.12,2.71%
09/01/2010,2.18,2.50%
10/01/2010,2.30,5.79%
11/01/2010,2.38,3.30%
12/01/2010,2.50,5.17%
01/01/2011,2.64,5.68%
02/01/2011,2.84,7.49%
03/01/2011,3.13,10.25%
04/01/2011,3.27,4.47%
05/01/2011,3.04,-7.21%
06/01/2011,3.05,0.63%
07/01/2011,3.17,3.80%
08/01/2011,3.01,-5.05%
09/01/2011,2.98,-1.00%
10/01/2011,3.01,0.94%
11/01/2011,3.10,2.89%
12/01/2011,2.94,-5.11%
01/01/2012,3.08,4.87%
02/01/2012,3.22,4.64%
03/01/2012,3.30,2.45%
04/01/2012,3.24,-1.82%
05/01/2012,2.99,-7.87%
06/01/2012,2.71,-9.27%
07/01/2012,2.92,7.79%
08/01/2012,NA,8.83%
09/01/2012,3.23,1.57%
10/01/2012,3.24,0.22%
11/01/2012,3.18,-1.73%
12/01/2012,3.07,-3.46%
01/01/2013,3.10,1.07%
02/01/2013,3.24,4.32%
03/01/2013,3.04,-6.18%
04/01/2013,2.90,-4.51%
05/01/2013,2.89,-0.41%
06/01/2013,2.89,0.10%
07/01/2013,3.02,4.39%
08/01/2013,?3.07,1.66%
09/01/2013,3.05,-0.65%
10/01/2013,3.00,-1.74%
11/01/2013,2.94,-1.90%
12/01/2013,3.05,3.64%
01/01/2014,3.12,2.36%
02/01/2014,3.23,3.53%
03/01/2014,2.99,-7.25%
04/01/2014,2.96,-1.17%
05/01/2014,2.94,-0.74%
06/01/2014,2.96,0.89%
07/01/2014,2.88,-2.80%
08/01/2014,2.85,-1.01%
09/01/2014,2.74,-3.86%
10/01/2014,2.53,-7.59%
11/01/2014,2.43,-4.03%
12/01/2014,2.03,-16.30%
01/01/2015,1.68,-17.50%
02/01/2015,1.99,18.65%
03/01/2015,1.86,-6.78%
04/01/2015,1.84,-0.70%
05/01/2015,1.97,6.62%
06/01/2015,1.89,-3.92%
07/01/2015,1.68,-10.81%
08/01/2015,1.52,-9.98%
09/01/2015,1.52,0.00%
10/01/2015,1.47,-2.90%
11/01/2015,1.41,-4.01%
12/01/2015,1.14,-19.46%
01/01/2016,.98,-13.97%
02/01/2016,1.04,5.82%
03/01/2016,1.19#,14.86%
04/01/2016,1.25,4.79%
05/01/2016,1.42,14.11%
06/01/2016,1.49,4.78%
07/01/2016,1.37,-8.12%
08/01/2016,1.40,2.12%
09/01/2016,1.42,1.36%
10/01/2016,1.56,9.94%
11/01/2016,1.46,-6.16%
12/01/2016,1.64,12.24%
01/01/2017,1.62,-1.16%
02/01/2017,1.62,0.06%
03/01/2017,1.53,-5.91%
04/01/2017,1.59,3.80%
05/01/2017,1.51,-4.54%
06/01/2017,1.42,-6.41%
07/01/2017,1.52,7.34%
08/01/2017,1.63,7.23%
09/01/2017,1.79,9.81%
10/01/2017,1.80,0.45%
11/01/2017,1.92,6.50%
12/01/2017,1.94,1.46%
01/01/2018,2.07,6.69%
02/01/2018,1.94,-6.61%
03/01/2018,1.93,-0.36%
04/01/2018,2.08,7.72%
05/01/2018,2.23,7.26%
06/01/2018,2.15,-3.77%
07/01/2018,2.14,-0.28%
08/01/2018,2.15,0.61%
09/01/2018,2.25,4.60%
10/01/2018,2.33,3.55%
11/01/2018,2.05,-12.18%
12/01/2018,1.80,-12.06%
01/01/2019,1.85,2.50%
02/01/2019,1.96,6.28%
03/01/2019,1.99,1.33%
04/01/2019,2.06,3.72%
05/01/2019,2.03,-1.50%
06/01/2019,1.85,-9.11%
07/01/2019,1.92,4.01%
08/01/2019,1.82,-5.00%
09/01/2019,1.94,6.36%
10/01/2019,1.94,-0.15%
11/01/2019,1.93,-0.21%
12/01/2019,1.99,2.85%
01/01/2020,1.86,-6.64%
02/01/2020,1.62,-12.61%
03/01/2020,1.19,-26.63%
04/01/2020,.88,-26.05%
05/01/2020,.89,0.80%
06/01/2020,1.12,26.72%
07/01/2020,1.24,10.32%
08/01/2020,1.23,-1.13%
09/01/2020,1.12,-8.48%
10/01/2020,1.15,2.85%
11/01/2020,1.24,7.54%
12/01/2020,?1.44,16.36%
01/01/2021,1.58,9.07%
02/01/2021,1.79,13.52%
03/01/2021,1.85,3.64%
04/01/2021,1.86,0.43%
05/01/2021,2.02,8.76%
06/01/2021,2.12,4.79%
07/01/2021,2.13,0.28%
08/01/2021,2.07,-2.77%
09/01/2021,2.20,6.43%
10/01/2021,2.52,14.63%
11/01/2021,2.39,-5.23%
12/01/2021,2.25,-5.86%
01/01/2022,2.62,16.22%
02/01/2022,2.87,9.79%
03/01/2022,3.78,31.62%
04/01/2022,4.04,6.93%
05/01/2022,4.65,14.94%
06/01/2022,4.36,-6.11%
07/01/2022,3.70,-15.27%
08/01/2022,3.60,-2.71%
09/01/2022,3.44,-4.48%
10/01/2022,4.35,26.49%
11/01/2022,4.06,-6.49%
12/01/2022,NA,-23.28%
01/01/2023,3.27,4.81%
02/01/2023,2.83,-13.31%
03/01/2023,2.75,-3.00%
04/01/2023,2.59,-5.61%
05/01/2023,2.35,-9.53%
06/01/2023,2.43,3.67%
07/01/2023,2.67,9.83%
08/01/2023,3.12,16.70%
09/01/2023,3.33,6.67%
10/01/2023,3.11,-6.35%
11/01/2023,2.91,-6.71%
12/01/2023,2.63,-9.40%
01/01/2024,2.68,1.86%
02/01/2024,NA,3.36%
03/01/2024,2.67,-3.50%
04/01/2024,2.62,-2.02%
05/01/2024,2.43,-7.25%
06/01/2024,2.43,-0.16%
07/01/2024,2.47,1.94%
08/01/2024,2.28,-7.80%
09/01/2024,2.11,-7.46%
10/01/2024,2.22,5.07%
11/01/2024,2.23,0.41%
